618,619,620,621,793,794,795,796,877,878,879,880
390,391,392,393,2717,2718,2719,2720,2721
379,380,381,382,383
572,573,574,575
457,458,459,684,685,686,687
2778,2779,2780,2781,2782
2659,2660,2661,2662,2663
397,398,399
641,642,643,644,645
447,448,449
594,595,596,673,674,675,676,677
879,880,881,882,883
394,395,396,397,398
440,441,442,443,524,525,526,527
653,654,655,656,657
2579,2580,2581,2582
2473,2474,2475
908,909,910,911
518,519,520,521
508,509,510
487,488,489,490
369,370
2943,2944,2945,2946,2947
651,652,2445,2446,2447
509,510,511,2526,2527,2528
2883,2884,2885,2886,2887
792,793,794,795,796,806,807,808,809,810
2447,2448,2449,2450
512,513,514,698,699,700,701,702
379,380,381
422,423,424
457,458,459,460,2828,2829,2830,2831
469,470,471
2617,2618,2619
846,847,848,849
2847,2848,2849,2850
2629,2630,2631
615,616,617,618
439,440,441
814,815,816,817,818
948,949,950,951,952
2736,2737,2738,2739
525,526,527,528,2658,2659,2660,2661
2929,2930,2931,2932
599,600,601
725,726,727,728
380,381,382,2609,2610,2621,2622,2623
571,572,573,574,575
2576,2577,2578,2579
516,517,2883,2884,2885,2886
589,590,591
639,640,641,642
438,439,440
412,413,972,973,974,975,976
391,392,393,394
2750,2751,2752,2753
634,635,636,637
790,791,792,793,794
704,705,706,707
562,563,564,565
518,519,520,521,2633,2634,2635
379,380,381,382,1318,1319,1320,1321
781,782,783,784,785
722,723,724,725
429,430,431,432
2795,2796,2797,2798,2799
583,584,585,586
570,571,572,573,574
690,691,692,693,694
624,625,626,627
803,804,805
2644,2645,2646,2647
523,524,525,526,2695,2696,2697,2698,2699
863,864,865,866
681,682,683,684,685
348,349,350
542,543,544,545,546,547,548,549
698,699,700,701
3016,3017,3018,3019,3020
424,425,426
2812,2813,2814,2815
2972,2973,2974,2975,3580,3581,3582,3583
647,648,649,650
441,442,443
858,859,860,861,862
531,532,533,534
3299,3300,3301,3302,3303
341,342,343,2533,2534,2535,2536
2588,2589,2590
762,763,764,765,766,2649,2650,2651,2652,2653
2763,2764,2765,2766
805,806,807,808,809
527,528,529
2758,2759,2760,2761,2762
692,693,694,2884,2885,2886,2887
705,706,707,708
376,377,378,379
2436,2437
616,617,618,619,620
2398,2399,2400
723,724,725,726
2569,2570,2571,2572,2573
1076,1077,1078,1079,1080
755,756,757,758,759
534,535,536,537
662,663,664,665
594,595,596,597
690,691,692,693
474,475,476,2430,2431,2432
2472,2473,2474
462,463,464,2673,2674,2675,2676,2820,2821,2822,2823
734,735,736,737,738
483,484,485,514,515,516,517
491,492,493,494
2757,2758,2759,2760
2646,2647,2648,2649
748,749,750,751,752
2555,2556
466,467,468
651,652,653,654,655
2953,2954,2955,2956
520,521,522
2611
638,639,640,641
658,659,660,661,662
2774,2775,2776,2777,2778
710,711,712,713
353,354,355,356,715,716,717,718,719
631,632,633
426,427,428
388,389,390
373,374,527,528,529,530
486,487,488
555,556,557,558
455,456,457
2657,2658,2659
2951,2952,2953,2954,2955
672,673,674,675
2737,2738,2739,2740
2571,2572,2573,2574
465,466,467,468,2819,2820,2821,2822
2485,2486,2487
514,515,516,517,636,637,638,639,640
972,973,974,975
625,626,627,628,629,3140,3141,3142,3143
407,408,409
2598,2599,2600
645,646,647,648
805,806,807,808
580,581,582
2776,2777,2778,2779,2780
1105,1106,1107,1108,1109
350,351
2624,2625,2626,2627
2646,2647,2648,2649,2650
710,711,712,713,714,751,752,753,754
2982,2983,2984,2985
2542,2543,2544,2545
407,408,409,410
605,606,607
683,684,685,686,819,820,821,822
487,488,489,490,491
2855,2856,2857,2858,2859
2558,2559,2560
2715,2716,2717,2718
514,515,516,517,2502,2503,2504
2459,2460,2461,2462,2568,2569,2570
690,691,692,693
2485,2486,2487,2579,2580,2581,2582
558,559,560,561
565,566,567,568,585,586,587,588
2632,2633,2634,2635,2636
541,542,543,2607,2608,2609
2471,2472
599,600,601,602
924,925,926,927,928
2827,2828,2829
822,823,824,825,826
2494,2495,2496
2649,2650,2651
682,683,684,685,686
668,669,670,671,672
2445,2446,2447,2448,2640,2641,2642,2643
702,703,704,705
624,625,626,627,628,632,633,634,635,636
2480,2481,2482
579,580,581,582
663,664,665,666,2661,2662,2663,2664,2665
927,928,929,930
441,442,443,456,457,2658,2659,2660,2661
2456,2457,2458
2544,2545,2546
455,456,457,458,573,574,575,576
2449,2450,2451
364,365,366
2534,2535,2536,2537
428,429,430,431,658,659,660,661
396,397,398
881,882,883,884,885
387
2681,2682,3206,3207,3208,3209,3210
724,725,726,727,728
856,857,858
784,785,786,787
687,688,689,690,718,719,720,721
607,608,609,610
376,377,378,379,2974,2975,2976,2977,2978
458,459,460,461
571,572,573,574,2630,2631,2632,2633
2461,2462,2463
2770,2771,2772,2773
574,575,576,577,578,2712,2713,2714,2715
403,404,405,406
600,601,602
2563,2564,2565,2566
687,688,689,690
531,532,533,809,810,811,812,813
476,477,478,479
2637,2638,2639,2640,2641
633,634,635,636,637
703,704,705,706,707
3128,3129,3130,3131,3132
2812,2813,2814,2815
402,403,404
2818,2819,2820,2821
580,581,582,583,2616,2617,2618
564,565,566,567
3048,3049,3050,3051,3052
2489,2490,2491
2925,2926,2927,2928,2929
804,805,806,807,808
490,491,492,493
2595,2596,2597
2501,2502,2503
452,453,454,455
555,556,557,558
740,741,742,743,894,895,896,897
805,806,807,808
798,799,800,801
430,431,432
2513,2514,2515,2789,2790,2791,2792
643,644,645,646
553,554,555,556
560,561,562,2466,2467,2468
441,442,443,444,2696,2697,2698,2699
587,588,589,590
394,395,396,397
463,464,465,466
2813,2814,2815,2816,2817
506,507,508
571,572,573,574,575,713,714,715,716
2691,2692,2693,2694,2695
574,575,576,577
448,449,450,2621,2622,2623
3271,3272,3273,3274
497,498,499,500,2789,2790,2791,2792
2523,2524
385,386,387,637,638,639,640,2761,2762,2763,2764
967,968,969,970
2593
557,558,559
437,438,439
1020,1021,1022,1023,1024,2487,2488
3268,3269,3270,3271
671,672,673,674,2467,2468,2469,2470
981,982,983,984
567,568,569,570
2798,2799,2800,2801
2935,2936,2937,2938
603,604,605,606
690,691,692,693,2486,2487,2488
413,414,415,416
2757,2758,2759,2760,2761
583,584,585,591,592,593,594
564,565,566,567,2677,2678,2679,2680
2597,2598,2599,2600
1157,1158,1159,1160
579,580,581,582,617,618,619
2525,2526,2527
744,745,746
428,429,430,431
2923,2924,2925,2926
2581,2582,2583,2584
2481,2482,2483,2624,2625,2626,2627
3556,3557,3558,3559
437,438,439,440
456,457,458,459
555,556,557
647,648,649,650
557,558,559
904,905,906,907,1058,1059,1060,1061
2535,2536,2537
452,453,454,455
819,820,821,822
2496,2497,2498
595,596,597,598,599,2689,2690,2691,2692
2653,2654,2655,2656
482,483,484,2483,2484,2485,3241,3242,3243,3244
554,555,556
507,508,509,510
392,393,394,395,484,485,486,590,591
771,772,773,3025,3026,3027,3028,3029
2476,2477,2478,2489,2490,2491,2492,2493
2750,2751,2752,2753,2754
665,666,667,668
2520,2521,2522,2884,2885,2886,2887,2888
638,639,640,641,2963,2964,2965,2966,2967
417,418,419
768,769,770,771,772,2868,2869,2870,2871
520,521,522
494,495
576,577,578
532,533,534,535
432,433,434
614,615,616,617,2587,2588,2589,2590
744,745,746,747,2687,2688,2689,2690
571,572,573,711,712,713,714
750,751,752,753,2563,2564
2515,2516,2517
2633,2634,2635,2636,2705,2706,2707
2710,2711,2712,2713,2714
530,531,532,533,672,673,674,718,719,720,721
502,503,504,505,2551,2552,2553
748,749,750,751,1108,1109,1110,1111
612,613,614,615,843,844,845,846,847
2489,2490,2491,2585,2586,2587,2588
2696,2697,2698
658,659,660,661
919,920,921,922,2734,2735,2736,2737
2471,2472,2473,2474
456,457,458,698,699,700
462,463
2444,2445,2446
2777,2778,2779,2780
445,446,447,2483,2484,2485
345,346,347
623,624,625,626
757,758,759,760,761
360,361,362,2846,2847,2848,2849,2850
881,882,883,884,885
518,519,520
2742,2743,2744,2745
543,544,545,546
2934,2935,2936,2937
1079,1080,1081,1082,1083,2538,2539
678,679,680,681
364,365,366,633,634,635
629,630,631,632,633,2681,2682,2683,2684
563,564,565,566,601,602,603,604
3386,3387,3388,3389
2621,2622,2623
397,398
440,2773,2774,2775,2776
1035,1036,1037,1038
2986,2987,2988,2989
921,922,923,924,925,3086,3087,3088,3089
648,649,650,651
553,554,555
607,608,609,610,659,660,661,662
744,745,746,747
560,561,562,715,716,717,718,719
607,608,609,610
568,569,570
396,397,494,495,496,635,636,637,638
576,577,578,579,580
3051,3052,3053,3054
378,379,557,558,559
810,811,812,813,814
877,878,879,880,881
593,594,595,596,620,621,622,623,624
354,355,711,712,713,714,715
900,901,902,903,1079,1080,1081,1082
403,404,405,406
622,623,624
2510,2511,2512,2513
568,569,570,571,942,943,944,945,946
2742,2743,2744,2745
2528,2529,2694,2695,2696,2697
